ID;Rooms;Address;Min_to_metro;Total_size_sq_m;Rooms_sq_m;By_room_sq_m;Kitchen_sq_m;Floor;Total_floors;Condition;Bathroom;Balcony;Windows;House;House_name;Price;Sq_m_price;Phone;Link;Room_k;House_k;Floor_k
223447085;3;Санкт-Петербург, проспект Науки, 4К1;8;56;38;18.5-10.9-8.9;6;3;9;100;Раздельный;Лоджия (1);На улицу и двор;Панельный;n/a;5900000;105357;+79119603528;https://www.cian.ru/sale/flat/223447085;85;83;100
224269955;2;Санкт-Петербург, проспект Науки, 10К2;4;45;28;n/a;7;1;9;100;n/a;n/a;Во двор;Панельный;n/a;4650000;103333;+79030951232;https://www.cian.ru/sale/flat/224269955;90;83;92
217178352;2;Санкт-Петербург, Гжатская улица, 22к3;10;53;27;15.8+11.4;9;12;18;110;Раздельный;Балкон (1);На улицу и двор;Монолитный;Орбита, Корпус - Орбита, корпус 1, Год постройки - 2011;7981000;150585;+79111902027;https://www.cian.ru/sale/flat/217178352;90;100;110
224455613;2;Санкт-Петербург, проспект Науки, 17к2;5;64;35;18+16.5;12;4;24;110;Раздельный;Балкон (1);На улицу и двор;Монолитно-кирпичный;n/a;9550000;149219;+79112706255;https://www.cian.ru/sale/flat/224455613;90;100;100
224568106;2;Санкт-Петербург, проспект Науки, 14К2;2;44;29;10+18.8;5;4;5;100;n/a;Лоджия (1);На улицу;Панельный;n/a;4800000;109091;+79111502295;https://www.cian.ru/sale/flat/224568106;90;83;100
219511337;3;Санкт-Петербург, проспект Науки, 8к3;5;68;45;18+(15+12);13;1;11;110;Раздельный;n/a;Во двор;Монолитный;n/a;9200000;135294;+79811809102;https://www.cian.ru/sale/flat/219511337;85;100;92
224168286;1;Санкт-Петербург, улица Верности, 7К2;5;43;19;n/a;10;8;10;110;n/a;n/a;n/a;Кирпичный;n/a;5700000;132558;+79110903395;https://www.cian.ru/sale/flat/224168286;100;83;100
224210352;3;Санкт-Петербург, Гжатская улица, 22к1;5;85;50;17.6-17.1-16;10;4;19;116;n/a;n/a;n/a;Монолитный;Орбита, Корпус - Орбита, корпус 3;13500000;158824;+79117004964;https://www.cian.ru/sale/flat/224210352;85;100;100
223684405;3;Санкт-Петербург, Гжатская улица, 22к3;5;97;47;19.1-17.6-11.4;25;18;22;116;n/a;n/a;n/a;Монолитный;Орбита, Корпус - Орбита, корпус 1;15000000;154639;+79110203458;https://www.cian.ru/sale/flat/223684405;85;100;115
222286281;3;Санкт-Петербург, Гражданский проспект, 77к1;7;85;52;17,4-15,9-18,2;14;4;10;100;Раздельный;Лоджия (1);Во двор;Панельный;n/a;10500000;123529;+79817710727;https://www.cian.ru/sale/flat/222286281;85;83;100
224278712;1;Санкт-Петербург, улица Софьи Ковалевской, 10К3;10;30;16;16.00;7;1;5;100;Раздельный;n/a;Во двор;Панельный;n/a;3495000;116500;+79811901673;https://www.cian.ru/sale/flat/224278712;100;83;92
222841832;1;Санкт-Петербург, улица Софьи Ковалевской, 10К3;10;30;16;16;7;1;5;95;Раздельный;n/a;n/a;Панельный;n/a;3490000;116333;+79110806678;https://www.cian.ru/sale/flat/222841832;100;83;92
224350583;1;Санкт-Петербург, улица Софьи Ковалевской, 10К3;11;30;16;16.00;7;1;5;100;Раздельный;Балкон (1);n/a;Блочный;n/a;3539000;117967;+79817719858;https://www.cian.ru/sale/flat/224350583;100;83;92
224635845;1;Санкт-Петербург, улица Софьи Ковалевской, 10К3;11;30;16;16;7;1;5;100;Раздельный;n/a;Во двор;Панельный;n/a;3500000;116667;+79117209347;https://www.cian.ru/sale/flat/224635845;100;83;92
224225258;1;Санкт-Петербург, улица Софьи Ковалевской, 10К3;10;30;18;18;7;1;5;100;Раздельный;n/a;n/a;Панельный;n/a;3500000;116667;+79811402418;https://www.cian.ru/sale/flat/224225258;100;83;92
224635785;1;Санкт-Петербург, Гражданский проспект, 83К1;13;31;15;14,8;8;2;9;100;Раздельный;n/a;На улицу;Панельный;n/a;3650000;117742;+79811514572;https://www.cian.ru/sale/flat/224635785;100;83;100
221576836;1;Санкт-Петербург, Гражданский проспект, 83К1;5;30;15;14.8;8;2;9;100;Раздельный;n/a;На улицу;Панельный;n/a;3650000;121667;+79110203907;https://www.cian.ru/sale/flat/221576836;100;83;100
222031611;1;Санкт-Петербург, Гражданский проспект, 83К1;5;30;15;14.80;8;2;9;95;Раздельный;n/a;n/a;Панельный;n/a;3700000;123333;+79117004383;https://www.cian.ru/sale/flat/222031611;100;83;100
224552211;1;Санкт-Петербург, Гражданский проспект, 83К1;13;30;15;14.8;8;2;9;95;Раздельный;n/a;n/a;Панельный;n/a;3700000;123333;+79811809419;https://www.cian.ru/sale/flat/224552211;100;83;100
223181272;1;Санкт-Петербург, Гражданский проспект, 83К1;13;30;15;14.80;8;2;9;100;Раздельный;n/a;n/a;Панельный;n/a;3739000;124633;+79118418296;https://www.cian.ru/sale/flat/223181272;100;83;100
224122132;1;Санкт-Петербург, Гражданский проспект, 90К1;5;30;15;15;7;3;9;100;Совмещенный;n/a;n/a;Панельный;n/a;3700000;123333;+79110114957;https://www.cian.ru/sale/flat/224122132;100;83;100
223883096;2;Санкт-Петербург, Гражданский проспект, 75К4;9;40;25;(15.3+10);7;1;5;100;Раздельный;n/a;Во двор;Панельный;n/a;3800000;95000;+79817210761;https://www.cian.ru/sale/flat/223883096;90;83;92
223291979;1;Санкт-Петербург, Гражданский проспект, 29;10;31;16;16.00;8;4;5;100;Раздельный;Балкон (1);n/a;Кирпичный;n/a;3939000;127065;+79110012721;https://www.cian.ru/sale/flat/223291979;100;83;100
223950181;1;Санкт-Петербург, Гражданский проспект, 92К1;13;31;15;15.40;8;8;9;100;Раздельный;Балкон (1);n/a;Панельный;n/a;3939000;127065;+79811302404;https://www.cian.ru/sale/flat/223950181;100;83;100
223050531;2;Санкт-Петербург, Гражданский проспект, 75К4;5;41;26;15.3+10.2;7;5;5;95;Раздельный;Балкон (1);Во двор;Панельный;n/a;3900000;95122;+79818706763;https://www.cian.ru/sale/flat/223050531;90;83;100
224396439;1;Санкт-Петербург, Гражданский проспект, 83К1;10;31;16;15.7;8;3;9;100;Раздельный;n/a;Во двор;Панельный;n/a;4000000;129032;+79112711393;https://www.cian.ru/sale/flat/224396439;100;83;100
222144992;1;Санкт-Петербург, Гражданский проспект, 25к1;12;31;17;16,9;6;4;5;116;Совмещенный;Балкон (1);Во двор;Кирпичный;n/a;4050000;130645;+79118206179;https://www.cian.ru/sale/flat/222144992;100;83;100
223250378;1;Санкт-Петербург, улица Верности, 11;10;33;17;16.7;9;6;9;100;Совмещенный;Балкон (1);Во двор;Кирпичный;n/a;4170000;126364;+79819012685;https://www.cian.ru/sale/flat/223250378;100;83;100
220620626;1;Санкт-Петербург, Гражданский проспект, 83К1;10;31;15;15;8;8;9;100;Раздельный;Балкон (1);На улицу;Панельный;n/a;4150000;133871;+79819012685;https://www.cian.ru/sale/flat/220620626;100;83;100
223268854;1;Санкт-Петербург, Гражданский проспект, 83К1;13;31;16;16;8;3;9;100;Раздельный;n/a;n/a;Панельный;n/a;4200000;135484;+79811809419;https://www.cian.ru/sale/flat/223268854;100;83;100
207869174;1;Санкт-Петербург, Гражданский проспект, 83К1;13;31;16;15.70;8;3;9;100;Раздельный;n/a;n/a;Панельный;n/a;4200000;135484;+79818707026;https://www.cian.ru/sale/flat/207869174;100;83;100
223085196;2;Санкт-Петербург, проспект Науки, 14К2;5;45;30;19.3+11;6;1;5;100;Совмещенный;n/a;Во двор;Панельный;n/a;4650000;103333;+79116400692;https://www.cian.ru/sale/flat/223085196;90;83;92
223626035;2;Санкт-Петербург, проспект Науки, 14К3;2;46;31;19.8+11.4;6;1;5;100;Совмещенный;n/a;Во двор;Панельный;n/a;4700000;102174;+79110801228;https://www.cian.ru/sale/flat/223626035;90;83;92
221969374;2;Санкт-Петербург, проспект Науки, 4К1;10;45;28;18,2+9,8;7;9;9;95;Раздельный;Лоджия (1);На улицу;Панельный;n/a;4750000;105556;+79818308782;https://www.cian.ru/sale/flat/221969374;90;83;110
223213820;2;Санкт-Петербург, улица Софьи Ковалевской, 10К5;5;46;28;13+15;7;4;5;100;Раздельный;Балкон (1);n/a;Кирпичный;n/a;4750000;103261;+79818604092;https://www.cian.ru/sale/flat/223213820;90;83;100
224350456;2;Санкт-Петербург, Гражданский проспект, 92К1;10;46;28;17.3+10.2;8;5;9;95;Раздельный;n/a;На улицу;Блочный;n/a;4800000;104348;+79112318268;https://www.cian.ru/sale/flat/224350456;90;83;100
221703692;2;Санкт-Петербург, проспект Науки, 14К1;6;42;26;17.8+8.6;7;1;5;100;Совмещенный;n/a;Во двор;Панельный;n/a;4900000;116667;+79811514721;https://www.cian.ru/sale/flat/221703692;90;83;92
223587177;2;Санкт-Петербург, Гражданский проспект, 47К1;5;44;29;15.8+13.1;5;3;3;95;Раздельный;Балкон (1);На улицу и двор;Кирпичный;n/a;4900000;111364;+79111317126;https://www.cian.ru/sale/flat/223587177;90;83;100
224597886;2;Санкт-Петербург, Гражданский проспект, 31К3;10;44;28;16.4+11.4;5;2;5;100;Раздельный;Балкон (1);Во двор;Кирпичный;n/a;5000000;113636;+79110807976;https://www.cian.ru/sale/flat/224597886;90;83;100
223217857;1;Санкт-Петербург, улица Бутлерова, 13;5;35;18;17.8;9;1;9;95;Раздельный;n/a;Во двор;Кирпичный;n/a;5000000;142857;+79817312342;https://www.cian.ru/sale/flat/223217857;100;100;92
198913532;2;Санкт-Петербург, проспект Науки, 29;5;46;28;18.1+10.2;6;2;12;100;Раздельный;Лоджия (1);На улицу;Кирпичный;n/a;5100000;110870;+79818706647;https://www.cian.ru/sale/flat/198913532;90;83;100
224495555;2;Санкт-Петербург, Гражданский проспект, 92К1;5;44;27;17.3+10;8;5;9;95;Раздельный;n/a;На улицу;Панельный;n/a;5200000;118182;+79118415972;https://www.cian.ru/sale/flat/224495555;90;83;100
223486798;2;Санкт-Петербург, проспект Науки, 12К8;5;49;27;16.4+10.7;7;4;5;100;Раздельный;n/a;Во двор;Кирпичный;n/a;5299000;108143;+79811809701;https://www.cian.ru/sale/flat/223486798;90;83;100
224377567;2;Санкт-Петербург, проспект Науки, 12К7;5;50;31;30.60;6;1;5;116;Раздельный;n/a;На улицу и двор;Кирпичный;n/a;5390000;107800;+79110012972;https://www.cian.ru/sale/flat/224377567;90;83;92
223672825;1;Санкт-Петербург, Гражданский проспект, 71;5;36;21;21;7;4;12;110;Раздельный;n/a;Во двор;Кирпичный;n/a;5450000;151389;+79811514572;https://www.cian.ru/sale/flat/223672825;100;100;100
222102518;2;Санкт-Петербург, Гражданский проспект, 75К1;5;44;31;14+17.4;7;3;9;110;Совмещенный;n/a;На улицу;Панельный;n/a;5490000;124773;+79818009065;https://www.cian.ru/sale/flat/222102518;90;83;100
222389002;1;Санкт-Петербург, Гражданский проспект, 71;5;36;21;21;7;4;12;110;Раздельный;n/a;Во двор;Кирпичный;n/a;5490000;152500;+79811709578;https://www.cian.ru/sale/flat/222389002;100;100;100
224322966;3;Санкт-Петербург, проспект Науки, 10К2;6;59;36;36.00;7;1;9;100;Раздельный;Балкон (1);n/a;Панельный;n/a;5539000;93881;+79817400783;https://www.cian.ru/sale/flat/224322966;85;83;92
224206434;2;Санкт-Петербург, Гражданский проспект, 75К1;5;45;28;17.7+10;7;9;9;100;Раздельный;n/a;n/a;Панельный;n/a;5590000;124222;+79819012685;https://www.cian.ru/sale/flat/224206434;90;83;110
224176530;1;Санкт-Петербург, улица Верности, 7К2;9;43;19;19.30;10;8;10;100;n/a;n/a;n/a;Кирпичный;n/a;5700000;132558;+79111317140;https://www.cian.ru/sale/flat/224176530;100;83;100
221414646;2;Санкт-Петербург, Гражданский проспект, 29;10;43;28;18,5+9,0;5;4;5;100;Раздельный;Балкон (1);Во двор;Кирпичный;n/a;5700000;132558;+79818308782;https://www.cian.ru/sale/flat/221414646;90;83;100
222763290;3;Санкт-Петербург, Гражданский проспект, 90К1;11;59;39;(10.2+17.3)+11.9;7;1;9;100;Раздельный;Лоджия (1);На улицу и двор;Панельный;n/a;5800000;98305;+79811809419;https://www.cian.ru/sale/flat/222763290;85;83;92
223456024;3;Санкт-Петербург, проспект Науки, 4К1;10;56;38;38.30;6;3;9;100;Раздельный;Лоджия (1);На улицу и двор;Панельный;n/a;5900000;105357;+79111513092;https://www.cian.ru/sale/flat/223456024;85;83;100
224342527;3;Санкт-Петербург, проспект Науки, 14К4;5;59;39;14.2+13.9+11.2;6;5;5;100;Совмещенный;Балкон (1);Во двор;Блочный;n/a;5900000;100000;+79818707803;https://www.cian.ru/sale/flat/224342527;85;83;100
218803995;3;Санкт-Петербург, улица Софьи Ковалевской, 4;10;64;44;13.3+13.1+17.7;9;1;9;100;Раздельный;n/a;На улицу и двор;Блочный;n/a;5950000;92969;+79111316764;https://www.cian.ru/sale/flat/218803995;85;83;92
214598449;2;Санкт-Петербург, улица Вавиловых, 7К3;10;51;31;13.3+17.6;8;9;9;100;Совмещенный;Лоджия (1);Во двор;Панельный;n/a;5990000;117451;+79811514572;https://www.cian.ru/sale/flat/214598449;90;83;110
220295491;1;Санкт-Петербург, Гжатская улица, 22к1;7;38;16;15.70;10;3;19;110;Совмещенный;Балкон (1);n/a;Монолитный;Орбита, Корпус - Орбита, корпус 3, Год постройки - 2012;6039000;158921;+79817312880;https://www.cian.ru/sale/flat/220295491;100;100;100
218354398;1;Санкт-Петербург, Гжатская улица, 22к1;7;38;15;15;10;3;24;110;Совмещенный;n/a;На улицу;Кирпичный;Орбита, Корпус - Орбита, корпус 3, Год постройки - 2012;6020000;158421;+79818902032;https://www.cian.ru/sale/flat/218354398;100;100;100
223486912;2;Санкт-Петербург, улица Вавиловых, 7К3;9;51;31;31.00;8;9;9;100;Раздельный;Балкон (1);n/a;Панельный;n/a;6038000;118392;+79119604471;https://www.cian.ru/sale/flat/223486912;90;83;110
224500192;1;Санкт-Петербург, улица Бутлерова, 40;6;38;16;16,3;10;23;24;100;Совмещенный;Лоджия (1);Во двор;Кирпичный;n/a;6100000;160526;+79818208536;https://www.cian.ru/sale/flat/224500192;100;100;115
224668888;3;Санкт-Петербург, Гражданский проспект, 75К1;5;60;40;(17.5+12.3+10.2);7;4;9;100;Раздельный;Балкон (1);На улицу и двор;Панельный;n/a;6120000;102000;+79817409047;https://www.cian.ru/sale/flat/224668888;85;83;100
219818291;1;Санкт-Петербург, Гжатская улица, 22к1;7;38;16;15.7;10;3;24;110;Совмещенный;n/a;Во двор;Монолитно-кирпичный;Орбита, Корпус - Орбита, корпус 3, Год постройки - 2012;6120000;161053;+79818308782;https://www.cian.ru/sale/flat/219818291;100;100;100
220425809;3;Санкт-Петербург, Гражданский проспект, 90К2;5;59;39;17.3+12+10.1;7;2;9;95;Раздельный;Лоджия (1);Во двор;Панельный;n/a;6100000;103390;+79811713448;https://www.cian.ru/sale/flat/220425809;85;83;100
216249129;2;Санкт-Петербург, Гражданский проспект, 75К1;8;45;28;27.62;7;3;9;110;Совмещенный;n/a;n/a;Панельный;n/a;6139000;136422;+79811406344;https://www.cian.ru/sale/flat/216249129;90;83;100
223431369;1;Санкт-Петербург, Гжатская улица, 22к4;2;37;18;17.5;11;5;24;110;Раздельный;Балкон (1);Во двор;Кирпичный;Орбита, Корпус - Орбита, корпус 4, Год постройки - 2012;6300000;170270;+79811302978;https://www.cian.ru/sale/flat/223431369;100;100;100
224661206;1;Санкт-Петербург, Гражданский проспект, 36;2;43;19;18.9;9;3;15;110;Раздельный;Лоджия (1);На улицу;Монолитный;Новая Гражданка, Корпус - Новая Гражданка, Год постройки - 2004;6300000;146512;+79811902158;https://www.cian.ru/sale/flat/224661206;100;100;100
223154007;1;Санкт-Петербург, проспект Науки, 17к2;2;37;19;19;9;17;17;110;Совмещенный;Балкон (1);Во двор;Кирпичный;n/a;6300000;170270;+79811302978;https://www.cian.ru/sale/flat/223154007;100;100;115
224104244;3;Санкт-Петербург, Гражданский проспект, 77К3;5;67;50;50.00;6;1;9;110;Раздельный;n/a;Во двор;Панельный;n/a;6500000;97015;+79818205857;https://www.cian.ru/sale/flat/224104244;85;83;92
223965111;1;Санкт-Петербург, Гжатская улица, 22к2;5;45;18;17.8;12;9;19;110;Раздельный;Балкон (1);Во двор;Монолитный;Орбита, Корпус - Орбита, корпус 2, Год постройки - 2012;6550000;145556;+79112909086;https://www.cian.ru/sale/flat/223965111;100;100;110
224416456;2;Санкт-Петербург, улица Верности, 11;11;49;31;17.6+13.7;8;7;9;116;Раздельный;n/a;На улицу;Кирпичный;n/a;6600000;134694;+79811809419;https://www.cian.ru/sale/flat/224416456;90;83;100
224150338;1;Санкт-Петербург, Гражданский проспект, 88к3;5;40;15;15.3;9;2;9;110;Совмещенный;Лоджия (1);Во двор;Кирпичный;n/a;6700000;167500;+79112909294;https://www.cian.ru/sale/flat/224150338;100;100;100
223877909;1;Санкт-Петербург, Гжатская улица, 22к4;10;42;18;18.4;11;13;16;116;Раздельный;Балкон (1);Во двор;Монолитный;Орбита, Корпус - Орбита, корпус 4, Год постройки - 2012;6700000;159524;+79819403743;https://www.cian.ru/sale/flat/223877909;100;100;110
220703366;3;Санкт-Петербург, Гражданский проспект, 75К1;8;59;40;17,4+10,2+12,1;7;4;9;100;n/a;n/a;n/a;Панельный;n/a;6700000;113559;+79811514572;https://www.cian.ru/sale/flat/220703366;85;83;100
217987991;1;Санкт-Петербург, проспект Науки, 17к2;10;48;19;19;12;5;23;100;Совмещенный;Лоджия (1);n/a;Монолитно-кирпичный;n/a;6750000;140625;+79111502370;https://www.cian.ru/sale/flat/217987991;100;100;100
222392995;1;Санкт-Петербург, Гражданский проспект, 88к4;9;43;15;15.30;9;8;9;110;Раздельный;Балкон (1);n/a;Монолитный;n/a;6939000;161372;+79112313724;https://www.cian.ru/sale/flat/222392995;100;100;100
223950193;3;Санкт-Петербург, Гражданский проспект, 31К1;9;60;43;43.00;6;9;9;100;Раздельный;Балкон (1);n/a;Кирпичный;n/a;7038000;117300;+79110802157;https://www.cian.ru/sale/flat/223950193;85;83;110
221751080;1;Санкт-Петербург, проспект Науки, 17к6;2;42;18;18.2;10;15;20;110;Раздельный;Балкон (1);n/a;Монолитный;Гражданка Сити, Корпус - Гражданка Сити;7070000;168333;+79117806609;https://www.cian.ru/sale/flat/221751080;100;100;110
221153159;1;Санкт-Петербург, проспект Науки, 17к6;4;42;18;18.00;10;15;20;116;Раздельный;Балкон (1);n/a;Монолитный;Гражданка Сити, Корпус - Гражданка Сити, Год постройки - 2007;7109000;169262;+79112313724;https://www.cian.ru/sale/flat/221153159;100;100;110
221630256;3;Санкт-Петербург, Гражданский проспект, 31К1;5;60;42;10.4+18.3+13.4;6;4;9;100;Раздельный;Балкон (1);На улицу и двор;Кирпичный;n/a;7150000;119167;+79117806609;https://www.cian.ru/sale/flat/221630256;85;83;100
224635901;1;Санкт-Петербург, проспект Науки, 17к6;5;41;20;20;10;16;24;110;Раздельный;Балкон (1);Во двор;Монолитный;Гражданка Сити, Корпус - Гражданка Сити, Год постройки - 2007;7700000;187805;+79818308782;https://www.cian.ru/sale/flat/224635901;100;100;115
224116617;1;Санкт-Петербург, Гражданский проспект, 88к3;8;37;15;15.3;9;9;9;116;n/a;n/a;n/a;Кирпичный;n/a;7699000;208081;+79111908604;https://www.cian.ru/sale/flat/224116617;100;100;110
217734658;1;Санкт-Петербург, Гжатская улица, 22к4;5;53;20;20.1;16;13;24;110;Совмещенный;Лоджия (1);Во двор;Монолитный;Орбита, Корпус - Орбита, корпус 4, Год постройки - 2012;7950000;150000;+79818009065;https://www.cian.ru/sale/flat/217734658;100;100;110
222786062;1;Санкт-Петербург, Гжатская улица, 22к4;5;53;20;20,1;16;13;16;110;n/a;Балкон (1);Во двор;Монолитно-кирпичный;Орбита, Корпус - Орбита, корпус 4, Год постройки - 2012;7950000;150000;+79818308782;https://www.cian.ru/sale/flat/222786062;100;100;110
223384359;2;Санкт-Петербург, улица Бутлерова, 40;5;54;32;18+13.8;10;21;24;116;Раздельный;Лоджия (1);На улицу;Кирпичный;n/a;8250000;152778;+79818312018;https://www.cian.ru/sale/flat/223384359;90;100;115
216510821;3;Санкт-Петербург, Гражданский проспект, 90К1;5;75;54;17+15+12+10;16;9;9;110;Совмещенный;Балкон (1);Во двор;Панельный;n/a;8400000;112000;+79819601503;https://www.cian.ru/sale/flat/216510821;85;83;110
222059088;2;Санкт-Петербург, Гжатская улица, 22к2;10;52;32;17,1+14,4;9;19;19;100;Раздельный;Балкон (1);n/a;Монолитный;Орбита, Корпус - Орбита, корпус 2, Год постройки - 2012;8400000;161538;+79818308782;https://www.cian.ru/sale/flat/222059088;90;100;115
222736707;2;Санкт-Петербург, Гжатская улица, 22к3;8;55;35;35.00;12;4;19;116;Раздельный;Балкон (1);n/a;Монолитный;Орбита, Корпус - Орбита, корпус 1, Год постройки - 2012;8799000;159982;+79112607440;https://www.cian.ru/sale/flat/222736707;90;100;100
224358334;2;Санкт-Петербург, Гжатская улица, 22к1;15;63;34;18.3+15.8;14;4;24;100;Раздельный;Балкон (1);На улицу и двор;Монолитный;Орбита, Корпус - Орбита, корпус 3, Год постройки - 2012;9500000;150794;+79816803673;https://www.cian.ru/sale/flat/224358334;90;100;100
222530304;1;Санкт-Петербург, Гжатская улица, 22к4;7;54;21;21,2;15;10;24;110;Раздельный;Балкон (1);n/a;Монолитно-кирпичный;Орбита, Корпус - Орбита, корпус 4, Год постройки - 2012;9570000;177222;+79818308782;https://www.cian.ru/sale/flat/222530304;100;100;110
224162257;3;Санкт-Петербург, улица Вавиловых, 7к4;5;82;57;18.+16.4+22.6;12;1;18;110;Раздельный;n/a;Во двор;Кирпичный;n/a;9600000;117073;+79817313108;https://www.cian.ru/sale/flat/224162257;85;100;92
223878614;2;Санкт-Петербург, Гжатская улица, 22к3;5;64;35;17.6+17.3;12;18;21;110;Раздельный;Лоджия (1);n/a;Монолитный;Орбита, Корпус - Орбита, корпус 1, Год постройки - 2011;9690000;151406;+79811809181;https://www.cian.ru/sale/flat/223878614;90;100;115
211894721;2;Санкт-Петербург, Гжатская улица, 22к3;5;67;35;17,3+17,6;13;15;15;100;Совмещенный;Лоджия (1);Во двор;Монолитно-кирпичный;Орбита, Корпус - Орбита, корпус 1, Год постройки - 2012;9799000;146254;+79811514572;https://www.cian.ru/sale/flat/211894721;90;100;110
224337554;2;Санкт-Петербург, Гжатская улица, 22к4;2;66;21;21.00;20;11;24;116;Совмещенный;Лоджия (1);На улицу;Кирпичный;Орбита, Корпус - Орбита, корпус 4, Год постройки - 2014;9870000;149545;+79811904321;https://www.cian.ru/sale/flat/224337554;90;100;110
222784419;3;Санкт-Петербург, улица Бутлерова, 13;5;71;37;14.4+11.7+10.8;16;7;9;110;Раздельный;Лоджия (1);На улицу и двор;Кирпичный;n/a;9900000;139437;+79117002419;https://www.cian.ru/sale/flat/222784419;85;83;100
221866713;2;Санкт-Петербург, Гжатская улица, 22к3;8;67;35;34.90;13;12;25;110;Раздельный;Балкон (1);n/a;Монолитный;Орбита, Корпус - Орбита, корпус 1, Год постройки - 2012;10199000;152224;+79818009184;https://www.cian.ru/sale/flat/221866713;90;100;110
220167165;2;Санкт-Петербург, Гжатская улица, 22к2;5;63;34;16+18,3;13;19;19;110;n/a;Лоджия (1);Во двор;Монолитно-кирпичный;Орбита, Корпус - Орбита, корпус 2, Год постройки - 2012;10600000;168254;+79818308782;https://www.cian.ru/sale/flat/220167165;90;100;115
222181049;3;Санкт-Петербург, Гражданский проспект, 36;5;76;49;19+15.9+13.9;9;8;24;110;Раздельный;Лоджия (1);Во двор;Кирпичный;Новая Гражданка, Корпус - Новая Гражданка, Год постройки - 2005;10590000;139342;+79819403997;https://www.cian.ru/sale/flat/222181049;85;100;100
217927981;2;Санкт-Петербург, Гжатская улица, 22к2;9;62;34;34.30;13;19;19;116;Раздельный;Балкон (1);n/a;Монолитный;Орбита, Корпус - Орбита, корпус 2, Год постройки - 2012;10704000;172645;+79112907227;https://www.cian.ru/sale/flat/217927981;90;100;115
203202058;2;Санкт-Петербург, Гжатская улица, 22к4;7;70;47;46.7;14;11;24;116;n/a;Лоджия (1);n/a;Монолитно-кирпичный;Орбита, Корпус - Орбита, корпус 4, Год постройки - 2012;10700000;152857;+79818703227;https://www.cian.ru/sale/flat/203202058;90;100;110
222853963;3;Санкт-Петербург, Гжатская улица, 22к3;8;84;46;45.70;20;2;25;110;n/a;n/a;n/a;Монолитно-кирпичный;Орбита, Корпус - Орбита, корпус 1, Год постройки - 2012;11300000;134524;+79818308782;https://www.cian.ru/sale/flat/222853963;85;100;100
223451322;3;Санкт-Петербург, Гжатская улица, 22к3;10;83;45;12.6+14.2+18.2;14;7;25;95;Раздельный;Лоджия (2);Во двор;Монолитно-кирпичный;Орбита, Корпус - Орбита, корпус 1, Год постройки - 2011;11400000;137349;+79817613513;https://www.cian.ru/sale/flat/223451322;85;100;100
223332466;2;Санкт-Петербург, Гжатская улица, 22к4;7;72;35;35.4;14;10;24;110;n/a;n/a;n/a;Монолитный;Орбита, Корпус - Орбита, корпус 4;12000000;166667;+79811709578;https://www.cian.ru/sale/flat/223332466;90;100;110
219280075;2;Санкт-Петербург, Гжатская улица, 22к3;5;73;43;26.5+16.0;18;6;21;110;Совмещенный;n/a;Во двор;Монолитный;Орбита, Корпус - Орбита, корпус 1, Год постройки - 2011;12000000;164384;+79117806367;https://www.cian.ru/sale/flat/219280075;90;100;100
214478602;3;Санкт-Петербург, Гжатская улица, 22к1;5;84;50;15.6+17.3+17.2;11;8;19;100;Совмещенный;Лоджия (1);Во двор;Монолитно-кирпичный;Орбита, Корпус - Орбита, корпус 3, Год постройки - 2012;12300000;146429;+79110012954;https://www.cian.ru/sale/flat/214478602;85;100;100
223892384;3;Санкт-Петербург, улица Бутлерова, 40;5;85;46;15.4+17.9+12.3;18;15;24;110;Раздельный;Лоджия (1);На улицу и двор;Монолитно-кирпичный;n/a;12420000;146118;+79119605446;https://www.cian.ru/sale/flat/223892384;85;100;110
224225314;3;Санкт-Петербург, улица Вавиловых, 7к4;10;93;59;28.2+15.2+15.2;17;4;18;110;Раздельный;Лоджия (2);Во двор;Монолитный;n/a;12450000;133871;+79811901976;https://www.cian.ru/sale/flat/224225314;85;100;100
223166683;2;Санкт-Петербург, Гжатская улица, 22к4;5;72;35;35.4;14;10;24;116;Раздельный;Лоджия (2);На улицу и двор;Монолитный;Орбита, Корпус - Орбита, корпус 4, Год постройки - 2016;12600000;175000;+79818707504;https://www.cian.ru/sale/flat/223166683;90;100;110
222142891;2;Санкт-Петербург, Гжатская улица, 22к1;5;85;33;15+18;30;12;18;110;Совмещенный;Лоджия (1);На улицу и двор;Монолитно-кирпичный;Орбита, Корпус - Орбита, корпус 3;12500000;147059;+79817405488;https://www.cian.ru/sale/flat/222142891;90;100;110
219637252;3;Санкт-Петербург, Гжатская улица, 22к2;9;100;56;16.6+16.1+22.9;15;8;19;110;Раздельный;Балкон (1);n/a;Монолитный;Орбита, Корпус - Орбита, корпус 2, Год постройки - 2012;12500000;125000;+79112904843;https://www.cian.ru/sale/flat/219637252;85;100;100
224009170;3;Санкт-Петербург, Гражданский проспект, 36;5;76;47;47.00;9;7;24;116;Раздельный;n/a;n/a;Монолитный;Новая Гражданка, Корпус - Новая Гражданка, Год постройки - 2004;12739000;167618;+79811703860;https://www.cian.ru/sale/flat/224009170;85;100;100
222067004;2;Санкт-Петербург, Гжатская улица, 22к2;10;69;40;22.8+17.4;12;10;19;116;Совмещенный;Лоджия (1);Во двор;Монолитный;Орбита, Корпус - Орбита, корпус 2, Год постройки - 2012;12800000;185507;+79112905124;https://www.cian.ru/sale/flat/222067004;90;100;110
218946514;3;Санкт-Петербург, Гжатская улица, 22к1;10;85;48;15+19+14;12;13;18;110;Совмещенный;Лоджия (1);На улицу и двор;Кирпичный;Орбита, Корпус - Орбита, корпус 3, Год постройки - 2012;13000000;152941;+79817405488;https://www.cian.ru/sale/flat/218946514;85;100;110
221158335;3;Санкт-Петербург, проспект Науки, 17к6;2;111;69;25.1+22.6+21.2;16;4;23;116;n/a;Лоджия (1);n/a;Монолитно-кирпичный;Гражданка Сити, Корпус - Гражданка Сити, Год постройки - 2007;13200000;118919;+79110013261;https://www.cian.ru/sale/flat/221158335;85;100;100
221641226;3;Санкт-Петербург, Гжатская улица, 22к1;5;84;50;17.1+17.1+15.6;11;5;16;110;Раздельный;Лоджия (1);На улицу и двор;Монолитный;Орбита, Корпус - Орбита, корпус 3, Год постройки - 2012;13499000;160702;+79119605562;https://www.cian.ru/sale/flat/221641226;85;100;100
222800224;3;Санкт-Петербург, Гжатская улица, 22к1;7;84;50;49.80;11;5;16;116;Раздельный;Балкон (1);n/a;Монолитный;Орбита, Корпус - Орбита, корпус 3, Год постройки - 2012;13539000;161179;+79819601477;https://www.cian.ru/sale/flat/222800224;85;100;100
224221626;3;Санкт-Петербург, Гжатская улица, 22к1;7;85;50;17.6+17.1+16;10;4;19;116;n/a;n/a;n/a;Монолитный;Орбита, Корпус - Орбита, корпус 3;13500000;158824;+79817312147;https://www.cian.ru/sale/flat/224221626;85;100;100
224638603;3;Санкт-Петербург, улица Бутлерова, 40;10;87;45;12.7+12.9+19.8;13;20;24;100;Раздельный;Балкон (1), Лоджия (1);На улицу и двор;Монолитно-кирпичный;n/a;13700000;157471;+79817312048;https://www.cian.ru/sale/flat/224638603;85;100;115
222049601;3;Санкт-Петербург, Гжатская улица, 22к3;5;110;60;20,1+16,1+23,6;11;13;19;100;Раздельный;Лоджия (1);На улицу и двор;Монолитно-кирпичный;Орбита, Корпус - Орбита, корпус 1, Год постройки - 2012;13900000;126364;+79112711360;https://www.cian.ru/sale/flat/222049601;85;100;110
223513793;3;Санкт-Петербург, Гражданский проспект, 36;5;86;48;18.9+15.8+13.1;14;12;23;110;Раздельный;Лоджия (2);На улицу;Монолитный;Новая Гражданка, Корпус - Новая Гражданка, Год постройки - 2004;14000000;162791;+79811902158;https://www.cian.ru/sale/flat/223513793;85;100;110
224125482;3;Санкт-Петербург, Гжатская улица, 22к3;5;104;65;24.8+17.5+22.2;15;4;22;110;Раздельный;Лоджия (1);На улицу и двор;Монолитный;Орбита, Корпус - Орбита, корпус 1, Год постройки - 2011;13950000;134135;+79111901778;https://www.cian.ru/sale/flat/224125482;85;100;100
222393278;3;Санкт-Петербург, проспект Науки, 17к2;9;91;52;52.00;16;4;16;116;Раздельный;n/a;n/a;Монолитный;n/a;14239000;156473;+79118418289;https://www.cian.ru/sale/flat/222393278;85;100;100
224242633;3;Санкт-Петербург, Гжатская улица, 22к2;5;93;55;16.9+17.7+20.7;15;16;19;110;Раздельный;Балкон (1);Во двор;Монолитный;Орбита, Корпус - Орбита, корпус 2, Год постройки - 2013;14100000;151613;+79111907059;https://www.cian.ru/sale/flat/224242633;85;100;115
203218157;3;Санкт-Петербург, проспект Науки, 17к6;5;99;59;17+20+22;17;19;23;110;Раздельный;Лоджия (1);На улицу;Монолитно-кирпичный;Гражданка Сити, Корпус - Гражданка Сити, Год постройки - 2006;14350000;144949;+79818308782;https://www.cian.ru/sale/flat/203218157;85;100;115
221430074;2;Санкт-Петербург, Гжатская улица, 22к1;5;85;30;15+15;30;14;18;110;Совмещенный;Лоджия (1);На улицу и двор;Монолитный;Орбита, Корпус - Орбита, корпус 3, Год постройки - 2012;14500000;170588;+79817405488;https://www.cian.ru/sale/flat/221430074;90;100;110
223983469;3;Санкт-Петербург, проспект Науки, 17к6;5;100;60;16.9+23+20;17;18;20;110;Раздельный;Лоджия (1);На улицу и двор;Кирпичный;Гражданка Сити, Корпус - Гражданка Сити, Год постройки - 2007;14500000;145000;+79817401409;https://www.cian.ru/sale/flat/223983469;85;100;115
220620685;3;Санкт-Петербург, Гжатская улица, 22к2;9;96;37;37;50;17;19;110;Раздельный;Лоджия (1);n/a;Кирпичный;Орбита, Корпус - Орбита, корпус 2;14590000;151979;+79811709578;https://www.cian.ru/sale/flat/220620685;85;100;115
222031575;3;Санкт-Петербург, Гжатская улица, 22к2;5;97;56;56.30;16;17;19;110;n/a;n/a;n/a;Монолитно-кирпичный;Орбита, Корпус - Орбита, корпус 2;15000000;154639;+79817400920;https://www.cian.ru/sale/flat/222031575;85;100;115
223775490;3;Санкт-Петербург, Гжатская улица, 22к1;7;83;51;22.5+14.5+14;12;16;16;110;Раздельный;Балкон (1);На улицу и двор;Кирпичный;Орбита, Корпус - Орбита, корпус 3, Год постройки - 2012;14990000;180602;+79818901370;https://www.cian.ru/sale/flat/223775490;85;100;115
223792961;3;Санкт-Петербург, Гжатская улица, 22к3;8;97;47;19.1+17.6+11.4;25;18;22;110;n/a;n/a;n/a;Монолитный;Орбита, Корпус - Орбита, корпус 1;15000000;154639;+79112907239;https://www.cian.ru/sale/flat/223792961;85;100;115
221751450;3;Санкт-Петербург, проспект Науки, 17к6;2;114;59;23+20+16;16;15;15;100;Раздельный;Лоджия (1);n/a;Монолитно-кирпичный;Гражданка Сити, Корпус - Гражданка Сити;15700000;137719;+79117806609;https://www.cian.ru/sale/flat/221751450;85;100;110
224173716;3;Санкт-Петербург, проспект Науки, 17к6;2;100;59;59.20;23;15;15;110;Раздельный;Лоджия (1);На улицу и двор;Кирпичный;Гражданка Сити, Корпус - Гражданка Сити, Год постройки - 2007;17500000;175000;+79112312645;https://www.cian.ru/sale/flat/224173716;85;100;110
223971744;3;Санкт-Петербург, проспект Науки, 19К2;2;125;79;30+19+30;14;4;8;100;Раздельный;Балкон (1), Лоджия (1);n/a;Кирпичный;Гражданка Сити-2, Корпус - Гражданка Сити-2;18000000;144000;+79112603453;https://www.cian.ru/sale/flat/223971744;85;100;100
224409016;1;Санкт-Петербург, проспект Науки, 14К1;5;32;16;15.5;8;3;9;100;Раздельный;Балкон (1);На улицу;Блочный;n/a;3800000;118750;+79110207067;https://www.cian.ru/sale/flat/224409016;100;83;100
224005564;2;Санкт-Петербург, проспект Науки, 10К2;5;45;28;17.5+10.2;7;1;9;100;Раздельный;n/a;Во двор;Кирпичный;n/a;4650000;103333;+79119602969;https://www.cian.ru/sale/flat/224005564;90;100;92
219767554;1;Санкт-Петербург, Гжатская улица, 22к3;6;41;17;n/a;14;3;9;110;Раздельный;Лоджия (1);Во двор;Монолитно-кирпичный;Орбита, Корпус - Орбита, корпус 1, Год постройки - 2012;6300000;153659;+79117004014;https://www.cian.ru/sale/flat/219767554;100;100;100
224054162;3;Санкт-Петербург, проспект Науки, 12К4;2;56;41;19+10.5+11.6;7;2;5;110;Раздельный;n/a;Во двор;Блочный;n/a;6500000;116071;+79818706830;https://www.cian.ru/sale/flat/224054162;85;83;100
224455519;3;Санкт-Петербург, Гражданский проспект, 75К1;10;59;40;(17.5+12.2)+10.1;7;8;9;100;Раздельный;Лоджия (1);На улицу и двор;Панельный;n/a;6940000;117627;+79112908991;https://www.cian.ru/sale/flat/224455519;85;83;100
223833309;1;Санкт-Петербург, Гжатская улица, 22к2;10;46;18;17.5;11;12;19;116;Совмещенный;Балкон (1);n/a;Монолитный;Орбита, Корпус - Орбита, корпус 2, Год постройки - 2012;7200000;156522;+79119604056;https://www.cian.ru/sale/flat/223833309;100;100;110
224543989;1;Санкт-Петербург, Гражданский проспект, 36;4;47;19;18,7;11;13;24;116;Раздельный;Лоджия (1);На улицу;Монолитный;Новая Гражданка, Корпус - Новая Гражданка, Год постройки - 2004;7700000;163830;+79110038795, +79500212360;https://www.cian.ru/sale/flat/224543989;100;100;110
220377696;2;Санкт-Петербург, Гжатская улица, 22к3;5;66;35;18+17.1;13;3;20;110;Совмещенный;n/a;Во двор;Монолитный;Орбита, Корпус - Орбита, корпус 1, Год постройки - 2014;10200000;154545;+79110205176;https://www.cian.ru/sale/flat/220377696;90;100;100
223109997;3;Санкт-Петербург, Гражданский проспект, 36;4;76;49;18,8+15,9+13,9;9;8;24;110;Раздельный;Лоджия (1);Во двор;Кирпичный;Новая Гражданка, Корпус - Новая Гражданка, Год постройки - 2005;10399000;136829;+79811302067;https://www.cian.ru/sale/flat/223109997;85;100;100
224078803;2;Санкт-Петербург, проспект Науки, 17к2;5;64;35;16.4+18.1;12;11;24;110;Раздельный;Балкон (1);n/a;Монолитный;n/a;10500000;164063;+79811507369;https://www.cian.ru/sale/flat/224078803;90;100;110
224545074;3;Санкт-Петербург, Гжатская улица, 22к3;8;102;0;37,5+16,9+14,8;0;19;21;110;Раздельный;Балкон (2), Лоджия (2);n/a;Монолитный;Орбита, Корпус - Орбита, корпус 1;14990000;146961;+79112112132;https://www.cian.ru/sale/flat/224545074;85;100;115
222625172;1;Санкт-Петербург, Гражданский проспект, 83К1;9;30;15;n/a;8;2;9;95;n/a;n/a;n/a;Панельный;n/a;3600000;120000;+79110944168;https://www.cian.ru/sale/flat/222625172;100;83;100
214607914;1;Санкт-Петербург, Гражданский проспект, 29;8;31;0;n/a;0;2;5;100;Совмещенный;Балкон (1);Во двор;Кирпичный;n/a;3800000;122581;+79500412730;https://www.cian.ru/sale/flat/214607914;100;83;100
222072212;2;Санкт-Петербург, Гражданский проспект, 90К6;8;45;28;n/a;6;3;5;100;Раздельный;Балкон (1);Во двор;Панельный;n/a;4500000;100000;+79522824991;https://www.cian.ru/sale/flat/222072212;90;83;100
220499318;2;Санкт-Петербург, улица Софьи Ковалевской, 10К5;9;46;28;13+15;7;4;5;100;Раздельный;Балкон (1);n/a;Панельный;n/a;4750000;103261;+79111123474;https://www.cian.ru/sale/flat/220499318;90;83;100
220467221;2;Санкт-Петербург, Гражданский проспект, 92К1;9;47;31;n/a;6;4;9;100;Раздельный;Балкон (1);На улицу и двор;Панельный;n/a;5200000;110638;+79818307782;https://www.cian.ru/sale/flat/220467221;90;83;100
219056166;1;Санкт-Петербург, Гражданский проспект, 71;5;36;21;21;7;4;12;116;Раздельный;n/a;Во двор;Кирпичный;n/a;5490000;152500;+79045532780;https://www.cian.ru/sale/flat/219056166;100;100;100
221004307;1;Санкт-Петербург, улица Бутлерова, 40;8;36;17;n/a;11;8;24;110;Совмещенный;Лоджия (1);На улицу;Кирпичный;n/a;6300000;175000;+79110080203;https://www.cian.ru/sale/flat/221004307;100;100;100
223552053;1;Санкт-Петербург, Гжатская улица, 22к3;8;42;17;n/a;14;3;13;110;n/a;Балкон (1);n/a;Монолитно-кирпичный;Орбита, Корпус - Орбита, корпус 1;6490000;154524;+79219024084;https://www.cian.ru/sale/flat/223552053;100;100;100
217914593;3;Санкт-Петербург, проспект Науки, 4К1;10;57;35;n/a;6;3;9;110;n/a;Балкон (2);n/a;Панельный;n/a;6500000;114035;+79602515489;https://www.cian.ru/sale/flat/217914593;85;83;100
221748201;1;Санкт-Петербург, Гражданский проспект, 36;2;41;0;n/a;0;2;25;110;Совмещенный;Балкон (1);На улицу;Монолитный;Новая Гражданка, Корпус - Новая Гражданка, Год постройки - 2004;6600000;160976;+79119581650, +79533533246;https://www.cian.ru/sale/flat/221748201;100;100;100
221247373;1;Санкт-Петербург, Гражданский проспект, 88к4;10;43;15;n/a;9;8;9;110;Совмещенный;Лоджия (1);Во двор;Монолитный;n/a;6800000;158140;+79214168245;https://www.cian.ru/sale/flat/221247373;100;100;100
221233606;3;Санкт-Петербург, Гражданский проспект, 31К1;5;60;6;n/a;0;9;9;100;Раздельный;Балкон (1);На улицу и двор;Кирпичный;n/a;6999999;116667;+79043390797;https://www.cian.ru/sale/flat/221233606;85;83;110
214218277;2;Санкт-Петербург, Гжатская улица, 22к3;8;67;35;n/a;13;12;25;110;Раздельный;Балкон (1);На улицу;Монолитно-кирпичный;Орбита, Корпус - Орбита, корпус 1, Год постройки - 2013;10000050;149254;+79950902124;https://www.cian.ru/sale/flat/214218277;90;100;110
214010363;2;Санкт-Петербург, Гжатская улица, 22к3;8;67;35;n/a;14;3;14;116;Раздельный;Балкон (1);На улицу;Монолитно-кирпичный;Орбита, Корпус - Орбита, корпус 1, Год постройки - 2012;11100000;165672;+79119116380;https://www.cian.ru/sale/flat/214010363;90;100;100
221212922;3;Санкт-Петербург, Гжатская улица, 22к1;9;84;50;n/a;11;5;19;110;Раздельный;Лоджия (1);На улицу и двор;Монолитный;Орбита, Корпус - Орбита, корпус 3, Год постройки - 2012;13500000;160714;+79217929659;https://www.cian.ru/sale/flat/221212922;85;100;100
222215117;2;Санкт-Петербург, Гжатская улица, 22к4;5;72;35;n/a;14;10;24;116;Раздельный;Лоджия (2);n/a;Монолитный;Орбита, Корпус - Орбита, корпус 4, Год постройки - 2012;13800000;191667;+79117213496;https://www.cian.ru/sale/flat/222215117;90;100;110
211540102;3;Санкт-Петербург, Гжатская улица, 22к4;7;103;56;19-18-19;14;12;24;110;Раздельный;Лоджия (1);Во двор;Монолитный;Орбита, Корпус - Орбита, корпус 4, Год постройки - 2012;14999000;145621;+79213118547;https://www.cian.ru/sale/flat/211540102;85;100;110
224624344;2;Санкт-Петербург, Гражданский проспект, 31К2;5;47;28;17+11;6;4;5;100;Раздельный;Балкон (1);Во двор;Кирпичный;n/a;4490000;95532;+79681909990;https://www.cian.ru/sale/flat/224624344;90;83;100
223978544;1;Санкт-Петербург, улица Бутлерова, 40;8;34;16;n/a;9;8;24;110;Совмещенный;Лоджия (1);На улицу;Кирпичный;n/a;5800000;170588;+79052873245;https://www.cian.ru/sale/flat/223978544;100;100;100
224479905;1;Санкт-Петербург, Гражданский проспект, 36;2;51;18;n/a;11;13;23;116;Раздельный;Балкон (1);На улицу;Монолитный;Новая Гражданка, Корпус - Новая Гражданка, Год постройки - 2004;7700000;150980;+79873211333;https://www.cian.ru/sale/flat/224479905;100;100;110
223653011;2;Санкт-Петербург, улица Бутлерова, 40;6;68;28;n/a;19;15;24;100;Раздельный;Лоджия (1);На улицу;Монолитно-кирпичный;n/a;10200000;150000;+79117127966;https://www.cian.ru/sale/flat/223653011;90;100;110
223833195;2;Санкт-Петербург, Гражданский проспект, 90К1;5;46;28;18+10;7;1;9;100;Раздельный;n/a;Во двор;Панельный;n/a;5560000;120870;+79811514572;https://www.cian.ru/sale/flat/223833195;90;83;92
224266943;2;Санкт-Петербург, Гражданский проспект, 75К1;8;45;28;17.4+10.3;7;1;9;100;n/a;n/a;На улицу;Панельный;n/a;5600000;124444;+79819905020;https://www.cian.ru/sale/flat/224266943;90;83;92
224337685;2;Санкт-Петербург, проспект Науки, 12К7;10;51;31;13+17.5;7;1;5;110;Раздельный;n/a;Во двор;Кирпичный;n/a;6650000;130392;+79112604564;https://www.cian.ru/sale/flat/224337685;90;83;92